INSERT INTO common.operating_system_family VALUES (1,'Unknown',0,'2013-07-09 18:41:36'),(2,'Android',0,'2013-07-09 18:41:36'),(3,'Apple iOS',0,'2013-07-09 18:41:36'),(4,'Apple Mac',0,'2013-07-09 18:41:36'),(5,'Microsoft Windows',0,'2013-07-09 18:41:36'),(6,'BlackBerry OS',0,'2013-07-09 18:41:36'),(7,'Microsoft Mobile',1,'2015-04-02 18:25:56'),(8,'Linux',0,'2013-07-09 18:41:36'),(9,'Symbian OS',0,'2013-11-15 17:07:29');
INSERT INTO common.operating_system VALUES (1,'Windows 7','web',5,'Windows NT 6.1',1,1,0,'2013-07-09 18:42:04'),(2,'Windows Vista','web',5,'Windows NT 6.0',1,1,0,'2013-07-09 18:42:04'),(3,'Windows XP','web',5,'Windows NT 5.1',1,1,0,'2013-07-09 18:42:04'),(4,'Windows 2000','web',5,'Windows NT 5.0',1,1,0,'2013-07-09 18:42:04'),(5,'Windows (other versions)','web',5,'Windows',1,1,0,'2013-07-09 18:42:04'),(6,'Android','mobile',2,'Android',1,1,0,'2013-07-09 18:42:17'),(7,'Linux','web',8,'Linux',1,1,0,'2013-07-09 18:42:22'),(8,'iPhone','mobile',3,'iPhone',1,1,0,'2013-07-09 18:42:27'),(9,'iPod','mobile',3,'iPod',1,1,0,'2013-07-09 18:42:27'),(10,'iPad','mobile',3,'iPad',1,1,0,'2013-07-09 18:42:27'),(11,'Mac','web',4,'Mac',1,1,0,'2013-07-09 18:42:35'),(12,'Blackberry','mobile',6,'BlackBerry',1,1,0,'2013-07-09 18:42:39'),(13,'Windows Phone 7','mobile',5,'Windows Phone OS',1,1,0,'2015-04-02 18:25:56'),(14,'Windows 8','web',5,'Windows NT 6.2',1,1,0,'2013-07-09 18:42:04'),(15,'Unknown','web',1,NULL,1,1,1,'2015-05-07 15:05:47'),(16,'Windows Apps','mobile',5,'WindowsAdClient',1,1,1,'2015-04-02 18:25:56');
INSERT INTO common.operating_system_extended VALUES (15,'Android 2.2 Froyo',2,'Android 2.2',0,'2013-07-23 21:55:22'),(16,'Android 2.2.1 Froyo',2,'Android 2.2.1',0,'2013-07-23 21:55:22'),(17,'Android 2.2.2 Froyo',2,'Android 2.2.2',0,'2013-07-23 21:55:22'),(18,'Android 2.2.3 Froyo',2,'Android 2.2.3',0,'2013-07-23 21:55:22'),(19,'Android 2.3 Gingerbread',2,'Android 2.3',0,'2013-07-23 21:55:22'),(20,'Android 2.3.1 Gingerbread',2,'Android 2.3.1',0,'2013-07-23 21:55:22'),(21,'Android 2.3.2 Gingerbread',2,'Android 2.3.2',0,'2013-07-23 21:55:22'),(22,'Android 2.3.3 Gingerbread',2,'Android 2.3.3',0,'2013-07-23 21:55:22'),(23,'Android 2.3.4 Gingerbread',2,'Android 2.3.4',0,'2013-07-23 21:55:22'),(24,'Android 2.3.5 Gingerbread',2,'Android 2.3.5',0,'2013-07-23 21:55:22'),(25,'Android 2.3.6 Gingerbread',2,'Android 2.3.6',0,'2013-07-23 21:55:22'),(26,'Android 2.3.7 Gingerbread',2,'Android 2.3.7',0,'2013-07-23 21:55:22'),(27,'Android 3.0 Honeycomb',2,'Android 3.0',0,'2013-07-23 21:55:22'),(28,'Android 3.1 Honeycomb',2,'Android 3.1',0,'2013-07-23 21:55:22'),(29,'Android 3.2 Honeycomb',2,'Android 3.2',0,'2013-07-23 21:55:22'),(30,'Android 3.2.1 Honeycomb',2,'Android 3.2.1',0,'2013-07-23 21:55:22'),(31,'Android 3.2.2 Honeycomb',2,'Android 3.2.2',0,'2013-07-23 21:55:22'),(32,'Android 3.2.3 Honeycomb',2,'Android 3.2.3',0,'2013-07-23 21:55:22'),(33,'Android 3.2.4 Honeycomb',2,'Android 3.2.4',0,'2013-07-23 21:55:22'),(34,'Android 3.2.5 Honeycomb',2,'Android 3.2.5',0,'2013-07-23 21:55:22'),(35,'Android 3.2.6 Honeycomb',2,'Android 3.2.6',0,'2013-07-23 21:55:22'),(36,'Android 4.0 Ice Cream Sandwich',2,'Android 4.0',0,'2013-07-23 21:55:22'),(37,'Android 4.0.1 Ice Cream Sandwich',2,'Android 4.0.1',0,'2013-07-23 21:55:22'),(38,'Android 4.0.2 Ice Cream Sandwich',2,'Android 4.0.2',0,'2013-07-23 21:55:22'),(39,'Android 4.0.3 Ice Cream Sandwich',2,'Android 4.0.3',0,'2013-07-23 21:55:22'),(40,'Android 4.0.4 Ice Cream Sandwich',2,'Android 4.0.4',0,'2013-07-23 21:55:22'),(41,'Android 4.1 Jelly Bean',2,'Android 4.1',0,'2013-07-23 21:55:22'),(42,'Android 4.1.1 Jelly Bean',2,'Android 4.1.1',0,'2013-07-23 21:55:22'),(43,'Android 4.1.2 Jelly Bean',2,'Android 4.1.2',0,'2013-07-23 21:55:22'),(44,'Android 4.2 Jelly Bean',2,'Android 4.2',0,'2013-07-23 21:55:22'),(45,'Android 4.2.1 Jelly Bean',2,'Android 4.2.1',0,'2013-07-23 21:55:22'),(46,'Android 4.2.2 Jelly Bean',2,'Android 4.2.2',0,'2013-07-23 21:55:22'),(47,'iOS 2.0',3,'OS 2_0',0,'2013-07-23 21:55:22'),(48,'iOS 2.1',3,'OS 2_1',0,'2013-07-23 21:55:22'),(49,'iOS 3.1',3,'OS 3_1',0,'2013-07-23 21:55:22'),(50,'iOS 3.1.1',3,'OS 3_1_1',0,'2013-07-23 21:55:22'),(51,'iOS 3.1.2',3,'OS 3_1_2',0,'2013-07-23 21:55:22'),(52,'iOS 3.1.3',3,'OS 3_1_3',0,'2013-07-23 21:55:22'),(53,'iOS 3.0',3,'OS 3_0',0,'2013-07-23 21:55:22'),(54,'iOS 3.0.1',3,'OS 3_0_1',0,'2013-07-23 21:55:22'),(55,'iOS 4.0',3,'OS 4_0',0,'2013-07-23 21:55:22'),(56,'iOS 4.0.1',3,'OS 4_0_1',0,'2013-07-23 21:55:22'),(57,'iOS 4.0.2',3,'OS 4_0_2',0,'2013-07-23 21:55:22'),(58,'iOS 4.1',3,'OS 4_1',0,'2013-07-23 21:55:22'),(59,'iOS 4.1.1',3,'OS 4_1_1',0,'2013-07-23 21:55:22'),(60,'iOS 4.2',3,'OS 4_2',0,'2013-07-23 21:55:22'),(61,'iOS 4.2.1',3,'OS 4_2_1',0,'2013-07-23 21:55:22'),(62,'iOS 4.3',3,'OS 4_3',0,'2013-07-23 21:55:22'),(63,'iOS 4.3.1',3,'OS 4_3_1',0,'2013-07-23 21:55:22'),(64,'iOS 4.3.2',3,'OS 4_3_2',0,'2013-07-23 21:55:22'),(65,'iOS 4.3.3',3,'OS 4_3_3',0,'2013-07-23 21:55:22'),(66,'iOS 4.3.4',3,'OS 4_3_4',0,'2013-07-23 21:55:22'),(67,'iOS 4.3.5',3,'OS 4_3_5',0,'2013-07-23 21:55:22'),(68,'iOS 5.0',3,'OS 5_0',0,'2013-07-23 21:55:22'),(69,'iOS 5.0.1',3,'OS 5_0_1',0,'2013-07-23 21:55:22'),(70,'iOS 5.1',3,'OS 5_1',0,'2013-07-23 21:55:22'),(71,'iOS 5.1.1',3,'OS 5_1_1',0,'2013-07-23 21:55:22'),(72,'iOS 6.0',3,'OS 6_0',0,'2013-07-23 21:55:22'),(73,'iOS 6.0.1',3,'OS 6_0_1',0,'2013-07-23 21:55:22'),(74,'iOS 6.0.2',3,'OS 6_0_2',0,'2013-07-23 21:55:22'),(75,'iOS 6.1',3,'OS 6_1',0,'2013-07-23 21:55:22'),(76,'iOS 6.1.1',3,'OS 6_1_1',0,'2013-07-23 21:55:22'),(77,'iOS 6.1.2',3,'OS 6_1_2',0,'2013-07-23 21:55:22'),(78,'iOS 6.1.3',3,'OS 6_1_3',0,'2013-07-23 21:55:22'),(79,'iOS 6.1.4',3,'OS 6_1_4',0,'2013-07-23 21:55:22'),(80,'iOS 7.0',3,'OS 7_0',0,'2013-07-23 21:55:22'),(81,'10.8 Mountain Lion',4,'OS X 10_8',0,'2013-07-23 21:55:22'),(82,'10.7 Lion',4,'OS X 10_7',0,'2013-07-23 21:55:22'),(83,'10.6 Snow Leopard',4,'OS X 10_6',0,'2013-07-23 21:55:22'),(84,'10.5 Leopard',4,'OS X 10_5',0,'2013-07-23 21:55:22'),(85,'10.4 Tiger',4,'OS X 10_4',0,'2013-07-23 21:55:22'),(86,'10.3 Tiger',4,'OS X 10_3',0,'2013-07-23 21:55:22'),(87,'10.2 Jaguar',4,'OS X 10_2',0,'2013-07-23 21:55:22'),(88,'10.1 Puma',4,'OS X 10_1',0,'2013-07-23 21:55:22'),(89,'Windows 2000',5,'Windows NT 5.0',0,'2013-07-23 21:55:22'),(90,'Windows XP',5,'Windows NT 5.1',0,'2013-07-23 21:55:22'),(91,'Windows Vista',5,'Windows NT 6.0',0,'2013-07-23 21:55:22'),(92,'Windows 7',5,'Windows NT 6.1',0,'2013-07-23 21:55:22'),(93,'Windows 8',5,'Windows NT 6.2',0,'2013-07-23 21:55:22'),(94,'BlackBerry (all)',6,'BlackBerry',0,'2013-07-23 21:55:22'),(95,'Windows Phone 7',5,'Windows Phone OS 7',0,'2015-04-02 18:25:56'),(96,'Windows Phone 7.5',5,'Windows Phone OS 7.5',0,'2015-04-02 18:25:56'),(97,'Windows Phone 8',5,'Windows Phone OS 8',0,'2015-04-02 18:25:56'),(98,'Windows Mobile (all)',5,'Windows Mobile',1,'2015-04-02 18:25:56'),(99,'Linux x64',8,'Linux x64',0,'2013-07-23 21:55:22'),(100,'Linux i86',8,'Linux i686',0,'2013-07-23 21:55:22'),(101,'Linux arm',8,'Linux arm',0,'2013-07-23 21:55:22'),(102,'Windows Phone 7.8',5,'Windows Phone OS 7.8',0,'2015-04-02 18:25:56'),(108,'Symbian OS 9.4',9,'SymbianOS/9.4',0,'2013-11-15 17:07:43'),(109,'Symbian OS 9.3',9,'SymbianOS/9.3',0,'2013-11-15 17:07:43'),(110,'Symbian OS 9.2',9,'SymbianOS/9.2',0,'2013-11-15 17:07:43'),(111,'Symbian OS 9.1',9,'SymbianOS/9.1',0,'2013-11-15 17:07:43'),(112,'Symbian Generic',9,'Symbian',0,'2013-11-15 17:07:46'),(113,'Android 4.3 Jelly Bean',2,'Android 4.3',0,'2013-12-09 14:21:31'),(114,'Android 4.4 Kit Kat',2,'Android 4.4',0,'2013-12-09 14:21:31'),(115,'iOS 7.0.1',3,'OS 7_0_1',0,'2013-12-13 20:47:42'),(116,'iOS 7.0.2',3,'OS 7_0_2',0,'2013-12-13 20:47:42'),(117,'iOS 7.0.3',3,'OS 7_0_3',0,'2013-12-13 20:47:42'),(118,'iOS 7.0.4',3,'OS 7_0_4',0,'2013-12-13 20:47:42'),(119,'10.9 Maverick',4,'OS X 10_9',0,'2014-02-10 16:57:23'),(120,'iOS 7.0.5',3,'OS 7_0_5',0,'2014-03-10 12:27:40'),(121,'iOS 7.0.6',3,'OS 7_0_6',0,'2014-03-10 12:27:40'),(124,'iOS 7.1',3,'OS 7_1',0,'2014-04-04 15:57:56'),(125,'Windows 8.1',5,'Windows NT 6.3',0,'2014-05-14 16:27:46'),(126,'Windows Phone 8.1',5,'Windows Phone OS 8.1',0,'2015-04-02 18:25:56'),(127,'Windows 8 Apps',5,'WindowsAdClient',1,'2015-04-02 18:25:56'),(128,'iOS 8.0',3,'OS 8_0',0,'2014-09-17 19:55:10'),(129,'iOS 8.1',3,'OS 8_1',0,'2014-11-19 12:54:01'),(130,'Android 5.0 Lollipop',2,'Android 5.0',0,'2014-12-03 16:09:02'),(131,'Windows Phone 8.1',5,NULL,1,'2015-06-01 20:42:20'),(132,'Windows Phone 8.1',NULL,NULL,1,'2015-06-01 19:56:53'),(133,'Windows Phone 8.1',NULL,NULL,1,'2015-06-01 19:57:00'),(134,'Windows Phone 8.1',5,'Windows Phone 8.1',0,'2015-06-11 19:10:23'),(135,'iOS 8.2',3,'OS 8_2',0,'2015-06-16 18:17:53'),(136,'iOS 8.3',3,'OS 8_3',0,'2015-06-16 18:18:37'),(137,'Windows 10',5,'Windows NT 10.0',0,'2015-06-22 21:32:18'),(138,'iOS 8.4',3,'OS 8_4',0,'2015-07-01 13:52:01'),(139,'iOS 8.4.1',3,'OS 8_4_1',0,'2015-08-21 19:13:58'),(140,'iOS 9.0',3,'OS 9_0',0,'2015-09-23 13:37:33'),(141,'Android 5.1 Lollipop',2,'Android 5.1',0,'2015-10-13 19:58:38'),(142,'Android 6.0 Marshmallow',2,'Android 6.0',0,'2015-10-13 19:58:57'),(143,'iOS 9.1',3,'OS 9_1',0,'2015-10-28 17:56:10'),(144,'iOS 9.2',3,'OS 9_2',0,'2016-01-05 23:00:51'),(145,'iOS 10.10',3,'OS 10_10',1,'2016-01-07 02:21:43'),(146,'iOS 10.11',3,'OS 10_11',1,'2016-01-07 02:21:46'),(147,'10.10 Yosemite',4,'OS X 10_10',0,'2016-01-07 02:26:45'),(148,'10.11 El Capitan',4,'OS X 10_11',0,'2016-01-07 02:27:49'),(149,'Unknown',1,NULL,1,'2016-03-14 17:47:00');
INSERT INTO common.mobile_app (id, name, verified) VALUES (1, 'Angry Birds', 1), (2, 'Grindr', 1), (3, '4096', 1), (4, 'Snapchat', 1), (5, 'Weather', 1);
INSERT INTO common.mobile_app_instance(id, mobile_app_id) VALUES (1,1), (2,2), (3,3), (4,4), (5,5);
INSERT INTO common.mobile_app_instance_bundle (id, mobile_app_instance_id, bundle_id, os_family_id) VALUES (1,1, '380015247',2), (2,2, 'com.ahoygames.okeypro',2), (3,3,'811035387',2), (4,4,'com.google.app', 2),(5,5,'com.yahoo.app',2);
